[{
    "id": 1,
    "name": "Matias Molinas",
    "company": "GDG Santa Fe, GDE",
    "photoUrl": "images/people/matiasmolina.jpg"
}, {
    "id": 2,
    "name": "Nicolas Bortolotti",
    "company": "Google, Program Manager",
    "photoUrl": "images/people/nicolasberto.jpg"
}, {
    "id": 3,
    "name": "Jonatan Ariste",
    "company": "GDG Buenos Aires, GDE",
    "photoUrl": "images/people/jonatanari.jpeg"
}, {
    "id": 4,
    "name": "Nicolas Barrera",
    "company": "Application Designer & Front end Developer",
    "photoUrl": "images/people/nicolasbarrera.jpeg"
}, {
    "id": 5,
    "name": "Jojo Giuffra",
    "company": "Marketing Digital, GDE",
    "photoUrl": "images/people/jojogiuffra.jpg"
}]
